Robert,smith,35,Male,121,Cotting,Boylston,Boston,MA,12215,7894561230,Single
James,Johnson,85,Female,77,Tufts,Roxbury,Boston,MA,12215,1234567890,Married
John,Williams,56,Male,84,Boyle,Fenway,Boston,MA,12215,7845129630,Married
Michael,Brown,45,Female,789,second,Boylston,Boston,MA,12215,5201346789,Single
William,Jones,56,Male,256,Third,Roxbury,Boston,MA,12215,7412589630,Married
David,Garcia,87,Female,185,Fourth,Fenway,Boston,MA,12215,2301546789,Single
Richard,Millerr,96,Male,45,Park,Roxbury,Boston,MA,12215,7418749523,Married
Joseph,Adams,14,Female,62,Oak,Boylston,Boston,MA,12215,7896543210,Married
Thomas,Davis,52,Female,1,Pine,Prudential,Boston,MA,12215,1230741895,Single
Charles,Harvard,64,Male,21,Maple,Fenway,Boston,MA,12215,5829637410,Married
Christopher,Boyle,56,Female,23,Cedar,Roxbury,Boston,MA,12215,2589781450,Married
Daniel,White,95,Male,54,View,Boylston,Boston,MA,12215,3217412589,Single
Matthew,Nick,47,Female,65,Hill,Roxbury,Boston,MA,12215,8579997683,Single
Anthony,Clement,32,Female,98,Elm,Prudential,Boston,MA,12215,7894561478,Married
Mark,Brown,23,Male,75,Lake,Prudential,Boston,MA,12215,9848166464,Married
Donald,Anderson,65,Female,141,Walnut,Boylston,Boston,MA,12215,9985969006,Single
Steven,pitt,45,Female,171,North,Prudential,Boston,MA,12215,9553921232,Married
Paul,smith,54,Male,90,ridge,Fenway,Boston,MA,12215,9963963138,Single
Andrew,Johnson,78,Female,30,Lincoln,Prudential,Boston,MA,12215,7894562581,Married
Kevin,Millerr,77,Male,12,Church,Fenway,Boston,MA,12215,4568527419,Single